-- --------------------------------------------------------
-- 호스트:                          j6d103.p.ssafy.io
-- 서버 버전:                        8.0.28-0ubuntu0.20.04.3 - (Ubuntu)
-- 서버 OS:                        Linux
-- HeidiSQL 버전:                  11.3.0.6295
-- --------------------------------------------------------

/*!40101 SET @OLD_CHARACTER_SET_CLIENT=@@CHARACTER_SET_CLIENT */;
/*!40101 SET NAMES utf8 */;
/*!50503 SET NAMES utf8mb4 */;
/*!40014 SET @OLD_FOREIGN_KEY_CHECKS=@@FOREIGN_KEY_CHECKS, FOREIGN_KEY_CHECKS=0 */;
/*!40101 SET @OLD_SQL_MODE=@@SQL_MODE, SQL_MODE='NO_AUTO_VALUE_ON_ZERO' */;
/*!40111 SET @OLD_SQL_NOTES=@@SQL_NOTES, SQL_NOTES=0 */;

-- 테이블 데이터 cutecatdog.tbl_board:~18 rows (대략적) 내보내기
/*!40000 ALTER TABLE `tbl_board` DISABLE KEYS */;
INSERT IGNORE INTO `tbl_board` (`id`, `user_id`, `title`, `content`, `author`, `type_id`, `photo_path`, `time`, `lat`, `lng`) VALUES
	(67, 21, '강아지 슬개골 탈구', '안녕하세요. 오늘 저희 집 강아지가\n슬개골 탈구가 있어서 많이 힘들어하는데요.\n이럴 때 어떻게 대처하는게 좋을까요?', '멍뭉전도사', 2, '', '1649036733307', 0, 0),
	(68, 21, '', '오늘 저희 멍뭉이랑 산책 다녀왔어요.\n여의도 공원 지금 날씨 좋아서\n딱 산책하기 좋아요..\n\n여러분들께도 추천드리는 산책 코스입니다.', '멍뭉전도사', 3, '21/1649036861621.jpeg', '1649036861622', 0, 0),
	(77, 30, '', '기분이 좋은지 벌러덩 누워있네요 ㅎㅎ\n고양이처럼 살고싶어요', '수호', 3, '30/1649126452238.jpeg', '1649126452238', 0, 0),
	(79, 31, '', '집 고양이 베라 귀엽죠~ 다들 베라 한 번 보고 가세요~~~', '김형우', 3, '31/1649137665254.jpeg', '1649137665266', 0, 0),
	(81, 31, '집 근처 산책 갈 곳', '함지 공원, 운암지, 연암공원로, 도산 서원, 동천 공원, 보건대 단지', '김형우', 1, '31/1649137750923.jpeg', '1649137750933', 35.9409367, 128.5593426),
	(82, 31, '안녕하세요 초보 집사에요', '요즘 아이가 밥을 안 먹고 츄르만 먹으려고 하는데 어떻게 하는게 좋을까요?', '김형우', 2, '', '1649137809100', 0, 0),
	(83, 31, '', '제 품에 안긴 고양이 입니다. 치즈 마냥 구워졌네요 참 귀엽습니다. 다들 한 번씩 보고 가세요', '김형우', 3, '31/1649138354943.jpeg', '1649138354948', 0, 0),
	(84, 21, '', '밤에 잘려고 하는데 제 침대위로 올라와서 \n빤히  쳐다보길래 찍었어요. 너무 귀엽죠?', '멍뭉전도사', 3, '21/1649138795242.jpeg', '1649138795243', 0, 0),
	(85, 30, '마이구미', '마이구미 보고가세요~~~~!!!\n\n\n\n\n\n\n\n\n\n\n\n\n\n\n', '수호', 1, '30/1649138946093.jpeg', '1649138946093', 35.8649672, 128.4633584),
	(86, 21, '상리공원 산책로 추천', '오늘 상리공원에 산책하러 갔어요. 우리 개 좀 보세요. 당당하게 걷는게 귀엽죠? 상리공원 지금 딱 산책하기 좋은 것 같습니다. 추천해요.', '멍뭉전도사', 1, '21/1649139156368.jpeg', '1649139156369', 35.8555673, 128.5195002),
	(87, 30, '', '놀다가 사고쳤어요..  \n살려주세요..\n\n\n\n\n\n\n\n\n', '수호', 3, '30/1649139475141.jpeg', '1649139475141', 0, 0),
	(88, 13, '', '우리 형배 작년 생일 파티 때 사진인데 넘뭄 귀엽죠~?! 수제 간식 사다주니깐 너무 잘 먹더라구여 사료는 안먹으면서 ,, 올해 생일은 뭐 사줘야 할까요,,,', 'ㅋㅋㄷ', 3, '13/1649139853187.png', '1649139853187', 0, 0),
	(89, 30, '', 'ㄴ ㅇ ㄱ \n\n누워있는게 제일 좋은가봐요!!!\n\n\n\n\n', '수호', 3, '30/1649140133139.jpeg', '1649140133140', 0, 0),
	(90, 13, '저희 동네 동물 병원 좀 추천해 주세요ㅜㅜ', '형배 귓병 생겨서 2주 전에 피 뽑았는데 알러지 때문이라고 하더라구요,,? 근데 아직까지도 좀 심해서 병원 옮겨보려구요ㅜㅜ 2주 동안 간식 못먹게 했더니 너무 우울해 하네요,, ', 'ㅋㅋㄷ', 1, '13/1649140449351.jpeg', '1649140449353', 35.796038, 128.4946946),
	(91, 18, '장난감 나눔해요 ~', '애기때 가지고 논 장난감인데 이제 좀 컸다고 쳐다보지도 않더라구요ㅜ 비싼 돈 주고 샀던거라 버리기 아깝네요,, 같은 동네이신 분께 나눔합니다~! 필요하신 분 댓글 달아주세요 !', '최지우', 1, '18/1649142027334.jpeg', '1649142027335', 35.858841, 128.487306),
	(92, 18, '자꾸 신발을 물어요', '이제 한 4개월 된 아기 고양이인데 자꾸 신발을 물어뜯어요ㅜㅜ \n신발장 못들어가게 펜스 쳐놨는데 어떻게 넘어간건지 또 신발을 물어뜯고 있더라구요ㅜㅜ \n이갈이 용품도 사줬는데 쳐다보지도 않고 신발만 노립니다.... \n\n버릇을 어떻게 고쳐야할까요?', '최지우', 2, '', '1649142182865', 0, 0),
	(93, 21, '강아지 키우는 방법', '이쁜 강아지를 키우고 싶은데 어떻게 해야지 강아지랑 함께 살 수 있나요? 알려주세요~!!', '멍뭉전도사', 2, '', '1649142280476', 0, 0),
	(94, 13, '', '우리 애기 자는 모습 너무 예쁘지 않나요?ㅜㅜㅜㅜㅜ너무 귀여워요 ㅠㅠㅠㅠ', 'ㅋㅋㄷ', 3, '13/1649143158603.jpeg', '1649143158607', 0, 0);
/*!40000 ALTER TABLE `tbl_board` ENABLE KEYS */;

-- 테이블 데이터 cutecatdog.tbl_board_type:~3 rows (대략적) 내보내기
/*!40000 ALTER TABLE `tbl_board_type` DISABLE KEYS */;
INSERT IGNORE INTO `tbl_board_type` (`id`, `type`) VALUES
	(1, '울동네'),
	(2, '궁금해'),
	(3, '공유해');
/*!40000 ALTER TABLE `tbl_board_type` ENABLE KEYS */;

-- 테이블 데이터 cutecatdog.tbl_comment:~18 rows (대략적) 내보내기
/*!40000 ALTER TABLE `tbl_comment` DISABLE KEYS */;
INSERT IGNORE INTO `tbl_comment` (`id`, `board_id`, `user_id`, `parent`, `comment`, `dept`, `seq`) VALUES
	(124, 67, 13, NULL, '발바닥 털이랑 발톱 관리 자주 해주시고 애기가 자주 다니는 곳에 매트는 꼭 깔아두세요! 관절에 좋은 영양제랑 사료도 있으니 한 번 찾아보세요~! 스트레칭도 자주 해주시구용!', 1, 0),
	(128, 77, 21, NULL, '저두요... 맨날 누워있고 싶어요~!!!', 1, 0),
	(129, 77, 13, NULL, '제 꿈은 고양이가 되는겁니다...', 1, 0),
	(130, 83, 21, NULL, '넘모 기여워요~~!!', 1, 0),
	(131, 82, 21, NULL, '츄르를 너무 많이 주면 배탈나거나 무게 관리를 할 수가 없게되요... 적당히 주셔야하는데 이건 훈련으로 고칠 수 있어요!\n\nㅋㅋㄷ 앱 안에 훈련 강의 참고하세요!!', 1, 0),
	(132, 79, 21, NULL, '베스킨라빈스~~ 몇살이에요?', 1, 0),
	(135, 84, 31, NULL, '멋집니다~', 1, 0),
	(136, 85, 21, NULL, '헐랭방구... 대박이네요', 1, 0),
	(138, 84, 21, 135, '감사합니다~!', 2, 1),
	(139, 87, 21, NULL, '아고... 어째요?', 1, 0),
	(140, 87, 13, NULL, '헉 애기 목 괜찮은가요,,?', 1, 0),
	(141, 88, 21, NULL, '개사탕 추천드려요 벽에 붙여놓으면 사정없이 달려들던데 ㅋㅋㅋㅋ 생일선물로 강추합니다.', 1, 0),
	(142, 85, 13, NULL, '검정 젤리 너무 귀엽네요 >,<', 1, 0),
	(143, 86, 13, NULL, '오오 감사합니다 ~ 저도 한 번 가봐야겠네요 ㅎㅎ', 1, 0),
	(144, 88, 20, NULL, '인형은 어떠신가요?! 보아하니 인형 만히 물어뜯을 것 같은데,,,', 1, 0),
	(146, 87, 20, NULL, '너무 귀여워서 사고쳐도 용서가 될 것 같네요....', 1, 0),
	(147, 83, 20, NULL, '치즈 너무 잘 구워졌네요 ~~ 너무 귀여워요!', 1, 0),
	(148, 68, 20, NULL, '여의도 공원,,,! 조금 멀지만 꼭 한 번 가봐야겠네요 ㅎㅎ 추천 감사합니다~', 1, 0),
	(149, 91, 21, NULL, '너무 귀여워요...', 1, 0),
	(150, 90, 21, NULL, '아이고 안타까워서 어째요 ㅠㅠ', 1, 0),
	(151, 86, 21, 143, '꼭 한번 가보세요! 요즘 너무 좋아요 날씨. 봄 바람 불어오는 듯~', 2, 1),
	(152, 94, 21, NULL, '너무 귀여워요~!', 1, 0),
	(153, 89, 21, NULL, '말랑 젤리 분홍색인게 건강한 애기네요', 1, 0);
/*!40000 ALTER TABLE `tbl_comment` ENABLE KEYS */;

-- 테이블 데이터 cutecatdog.tbl_diary:~10 rows (대략적) 내보내기
/*!40000 ALTER TABLE `tbl_diary` DISABLE KEYS */;
INSERT IGNORE INTO `tbl_diary` (`id`, `user_id`, `datetime`, `title`, `content`) VALUES
	(37, 5, '1647820800', 'hello2?!>,<', 'this is first Diary, update test?'),
	(40, 5, '1647734400', 'This is my Cute Pet', 'Today is my pet Happy\'s birthDay So happy today'),
	(63, 21, '1648998000', '오늘은 산책을 다녀왔다', '이 두 놈들.. 좋아서 어쩔 줄 모른다.\n그런데 중요한 것은 정작 나는 힘들어 죽겠다.\n어떻게 하면 좋지? ㅜㅜ'),
	(73, 21, '1648998000', '생후 2주, 아기고양이 미호', '- 미호, 1kg\r\n- 코리아 숏 헤어, 암컷, 2개월(추정)\r\n\r\n새끼 고양이 미호를 만나게되면서 분유먹이기를 경험하게 되었고 하루가 다르게 쑥쑥 성장하는 모습을 보면서 지금 개월수대로 제대로 크고 있는지 궁금해지기 시작했다.\r\n\r\n앞서 기록했던 분유 먹이는 방법과 함께 알고있다면 좋을 새끼 고양이의 단계별 발달과정 을 정리하기로 했다.\r\n\r\n1. 탄생 ~ 생후 2주\r\n( 이소중인 미호의 엄마냥이)\n\r\n1) 출생시 눈은 안보이며 귀도 안 들림\r\n2) 출생시 체중은 100g ~ 110g 정도\r\n3) 2~3 일 후 탯줄이 떨어짐\r\n4) 체온을 스스로 조절하지 못함\r\n5) 후각이 상당히 좋음\r\n6) 출생 후 1주안에 체중이 2배로 늘어남\r\n7) 어미의 도움으로 배설활동\r\n\r\n★ 이 시기에 새끼 고양이를 보호하게 된다면 분유 먹이기와 함께 배변을 유도하고 체온을 따뜻하게 유지할 수 있도록 도와줘야 했다.'),
	(74, 13, '1648998000', '형배야 무슨 생각해 ,,?', '우리 형배는 저 자세로 무슨 생각을 하고 있었던건지 너무 궁금했다 .. 안정감 있다니 다행이네\n자세가 너무 웃겨서 여러 짤도 만들어봤는데 너무 귀엽다 >< 형배 우리 오래오래 같이ㅈ내장'),
	(76, 31, '1649084400', '베라는 도도해', '오늘의 베라입니다. 맨날 천날 귀엽네요 다들 많이 이뻐해주세용~'),
	(78, 13, '1619535600', '형배 생일!', '우리 형배 올해 5살인지, 6살인지 모르겠네\n평소에 밥을 이렇게 잘 먹어줬으면 좋겠다,,^^ 수제 간식이라 그런지 형배 너무 잘먹더라 단호박 양갱을 아주 순삭시켜버렸어... \n형배 생일 축하해! 오래오래 같이 지내자~!\n간식 값은 니가 벌어와 최형배'),
	(80, 13, '1619794800', '장난꾸러기', '우리 크림이가 집에 온 지 벌써 1달이 훌쩍 넘었네 애기라서 그런지  활발해~! 아주 지치지를 않아서 언니가 너무 힘들어.. 그래도 귀여우니깐 봐준다. 돈 더 벌어서 장난감 더 사줄겡~!~!'),
	(81, 13, '1623250800', '크림이 눈병 ㅜㅜ', '우리 크림이 눈병 때문에 넥카라 씌웠는데 맴이 너무 아프다ㅜㅜ 원래 더 신나게 뛰어 놀아야하는데 많이 불편한지 전보다 덜 활발하네ㅜㅜㅜ 얼른 눈병 다 나아서 넥카라 버리자ㅜㅜㅜㅜ'),
	(86, 13, '1646838000', '캣타워 산 날', '캣타워 처음 사준 기념으로 사진 찍었는데 미모 정말 미쳤다 우리 크림이 ㅜㅜ 너무 예뻐 ㅠㅠㅠㅠ 어디서 이런 천사가 나타났는지 증말,, 앞으로도 예쁘게 크자❤');
/*!40000 ALTER TABLE `tbl_diary` ENABLE KEYS */;

-- 테이블 데이터 cutecatdog.tbl_diary_photo:~31 rows (대략적) 내보내기
/*!40000 ALTER TABLE `tbl_diary_photo` DISABLE KEYS */;
INSERT IGNORE INTO `tbl_diary_photo` (`id`, `diary_id`, `photo`) VALUES
	(107, 37, '5/1647830296748.jpg'),
	(110, 40, '5/1647840490394.jpg'),
	(111, 40, '5/1647840490424.jpg'),
	(178, 63, '21/1649037269725.jpg'),
	(179, 63, '21/1649037269787.jpg'),
	(198, 73, '21/1649057401216.jpg'),
	(199, 74, '13/1649080419211.jpg'),
	(200, 74, '13/1649080419252.jpg'),
	(201, 74, '13/1649080419279.jpg'),
	(203, 76, '31/1649137868077.jpg'),
	(213, 78, '13/1649139735452.png'),
	(214, 78, '13/1649139735510.jpg'),
	(215, 78, '13/1649139735550.jpg'),
	(228, 80, '13/1649143865858.jpg'),
	(229, 80, '13/1649143865899.jpg'),
	(230, 80, '13/1649143865919.jpg'),
	(231, 80, '13/1649143865939.jpg'),
	(232, 80, '13/1649143865959.jpg'),
	(233, 80, '13/1649143865989.jpg'),
	(234, 80, '13/1649143926413.jpg'),
	(235, 80, '13/1649143926456.jpg'),
	(236, 80, '13/1649143926484.jpg'),
	(237, 80, '13/1649143926515.jpg'),
	(238, 80, '13/1649143926545.jpg'),
	(239, 80, '13/1649143926578.jpg'),
	(240, 81, '13/1649144618837.jpg'),
	(241, 81, '13/1649144618910.jpg'),
	(242, 81, '13/1649144618941.jpg'),
	(243, 81, '13/1649144618975.jpg'),
	(244, 81, '13/1649144619008.jpg'),
	(265, 86, '13/1649170318774.jpg');
/*!40000 ALTER TABLE `tbl_diary_photo` ENABLE KEYS */;

-- 테이블 데이터 cutecatdog.tbl_friend:~0 rows (대략적) 내보내기
/*!40000 ALTER TABLE `tbl_friend` DISABLE KEYS */;
/*!40000 ALTER TABLE `tbl_friend` ENABLE KEYS */;

-- 테이블 데이터 cutecatdog.tbl_hashtag:~81 rows (대략적) 내보내기
/*!40000 ALTER TABLE `tbl_hashtag` DISABLE KEYS */;
INSERT IGNORE INTO `tbl_hashtag` (`id`, `hashtag`) VALUES
	(219, ''),
	(224, '#3개월차'),
	(99, '#AI'),
	(91, '#BirthDay'),
	(101, '#Cat'),
	(63, '#Diary'),
	(90, '#Happy'),
	(89, '#HBD'),
	(100, '#Today'),
	(127, '#강아지'),
	(103, '#개귀엽다진짜'),
	(147, '#고양이'),
	(161, '#공이'),
	(162, '#귀여움'),
	(120, '#귀여웡'),
	(98, '#기뻐요'),
	(135, '#나만힘들어'),
	(167, '#냥스타그램'),
	(234, '#넥카라'),
	(233, '#눈병'),
	(159, '#미호'),
	(223, '#브리티쉬숏헤어'),
	(214, '#사랑해'),
	(132, '#산책'),
	(213, '#생일'),
	(148, '#생후2주'),
	(212, '#수제간식'),
	(104, '#슬퍼요'),
	(102, '#쏘큐트'),
	(146, '#아기고양이'),
	(131, '#안정감있어요'),
	(134, '#애들은좋음'),
	(290, '#존예'),
	(292, '#캣타워'),
	(133, '#힘듦'),
	(6, 'cat'),
	(32, 'catstagram'),
	(14, 'daily'),
	(5, 'dog'),
	(31, 'dogstagram'),
	(136, 'hashtag'),
	(40, 'instacat'),
	(11, 'kitty'),
	(16, 'OOTD'),
	(15, 'pet'),
	(33, 'petstagram'),
	(10, 'puppy'),
	(144, 'ㄱㄱㄱ'),
	(293, 'ㄴㄴ'),
	(20, '간식'),
	(1, '강아지'),
	(34, '강아지그램'),
	(17, '개'),
	(2, '고양이'),
	(35, '고양이그램'),
	(18, '꾹꾹이'),
	(9, '냥냥이'),
	(30, '냥스타그램'),
	(8, '댕댕이'),
	(36, '댕댕이그램'),
	(37, '먹방'),
	(12, '멍멍이'),
	(27, '멍스타그램'),
	(22, '미용'),
	(25, '믹스'),
	(3, '반려견'),
	(4, '반려묘'),
	(194, '베라'),
	(21, '산책'),
	(38, '소통'),
	(26, '시고르자브종'),
	(13, '야옹이'),
	(96, '오류가나'),
	(7, '일상'),
	(39, '좋아요'),
	(19, '집사'),
	(109, '츄ㅠㅊ'),
	(23, '츄르'),
	(28, '캣스타그램'),
	(24, '캣타워'),
	(29, '펫스타그램');
/*!40000 ALTER TABLE `tbl_hashtag` ENABLE KEYS */;

-- 테이블 데이터 cutecatdog.tbl_hashtag_in_diary:~31 rows (대략적) 내보내기
/*!40000 ALTER TABLE `tbl_hashtag_in_diary` DISABLE KEYS */;
INSERT IGNORE INTO `tbl_hashtag_in_diary` (`id`, `diary_id`, `hashtag_id`) VALUES
	(81, 40, 89),
	(82, 40, 90),
	(83, 40, 91),
	(124, 63, 132),
	(125, 63, 133),
	(126, 63, 134),
	(127, 63, 135),
	(155, 73, 146),
	(156, 73, 159),
	(157, 73, 147),
	(158, 73, 167),
	(159, 74, 131),
	(160, 74, 120),
	(163, 74, 131),
	(164, 74, 120),
	(167, 74, 131),
	(168, 74, 120),
	(211, 78, 219),
	(218, 80, 219),
	(219, 80, 224),
	(220, 80, 147),
	(221, 80, 223),
	(222, 80, 167),
	(223, 80, 219),
	(224, 81, 233),
	(225, 81, 234),
	(226, 81, 104),
	(227, 81, 219),
	(319, 86, 101),
	(320, 86, 167),
	(321, 86, 223);
/*!40000 ALTER TABLE `tbl_hashtag_in_diary` ENABLE KEYS */;

-- 테이블 데이터 cutecatdog.tbl_history:~18 rows (대략적) 내보내기
/*!40000 ALTER TABLE `tbl_history` DISABLE KEYS */;
INSERT IGNORE INTO `tbl_history` (`id`, `photo_path`, `emotion`, `datetime`, `user_id`) VALUES
	(9, '5/1648705196723.jpg', '안정감있어요', '1648705196747', 5),
	(14, '21/1649037409634.jpg', '울고싶어요', '1649037409644', 21),
	(15, '21/1649037427382.jpg', '기뻐요', '1649037427389', 21),
	(18, '5/1649051215379.jpg', '기뻐요', '1649051215402', 5),
	(19, '5/1649052324902.jpg', '안정감있어요', '1649052324927', 5),
	(21, '21/1649054212205.jpg', '화났어요', '1649054212224', 21),
	(25, '13/1649080215177.jpg', '안정감있어요', '1649080215186', 13),
	(27, '13/1649124974307.jpg', '슬퍼요', '1649124974318', 13),
	(28, '31/1649138071323.jpg', '안정감있어요', '1649138071346', 31),
	(29, '31/1649138100366.jpg', '안정감있어요', '1649138100377', 31),
	(30, '31/1649138118186.jpg', '안정감있어요', '1649138118203', 31),
	(31, '21/1649140212089.jpg', '안정감있어요', '1649140212094', 21),
	(32, '21/1649140319870.jpg', '안정감있어요', '1649140319873', 21),
	(33, '21/1649141069599.jpg', '울고싶어요', '1649141069604', 21),
	(34, '21/1649141092336.jpg', '기뻐요', '1649141092342', 21),
	(35, '21/1649142190931.jpg', '기뻐요', '1649142190971', 21),
	(36, '21/1649142668326.jpg', '안정감있어요', '1649142668335', 21),
	(37, '21/1649143105250.jpg', '안정감있어요', '1649143105295', 21),
	(38, '13/1649213604732.jpg', '슬퍼요', '1649213604741', 13),
	(39, '19/1649213981802.jpg', '울고싶어요', '1649213981814', 19);
/*!40000 ALTER TABLE `tbl_history` ENABLE KEYS */;

-- 테이블 데이터 cutecatdog.tbl_kind:~171 rows (대략적) 내보내기
/*!40000 ALTER TABLE `tbl_kind` DISABLE KEYS */;
INSERT IGNORE INTO `tbl_kind` (`id`, `name`, `type_id`) VALUES
	(1, 'etc', NULL),
	(3, '포메라니안', 2),
	(9, '코리안 숏 헤어', 1),
	(11, '브리티시 숏헤어', 1),
	(12, '페르시안', 1),
	(13, '메인쿤', 1),
	(14, '샴', 1),
	(15, '렉돌', 1),
	(16, '스핑크스', 1),
	(17, '아비시니안', 1),
	(18, '벵골', 1),
	(19, '버먼', 1),
	(20, '아메리칸 숏헤어', 1),
	(21, '엑조틱 숏헤어', 1),
	(22, '러시안 블루', 1),
	(23, '스코티시 폴드', 1),
	(24, '버마 고양이', 1),
	(25, '노르웨이 숲', 1),
	(26, '데본 렉스', 1),
	(27, '시베리안 고양이', 1),
	(28, '맹크스 고양이', 1),
	(29, '터키시 앙고라', 1),
	(30, '아메리칸 밥테일', 1),
	(31, '코니시 렉스', 1),
	(32, '아메리칸 컬', 1),
	(33, '히말리안', 1),
	(34, '봄베이 고양이', 1),
	(35, '이집션 마우', 1),
	(36, '발리니즈', 1),
	(37, '사트트뢰', 1),
	(38, '라가머핀', 1),
	(39, '터키시 반', 1),
	(40, '먼치킨', 1),
	(41, '오시 캣', 1),
	(42, '싱가푸라', 1),
	(43, '소말리 고양이', 1),
	(44, '아메리칸 와이어헤어', 1),
	(45, '셀커크 렉스', 1),
	(46, '톤키니즈', 1),
	(47, '코랏', 1),
	(48, '오리엔탈 쇼트헤어', 1),
	(49, '라팜', 1),
	(50, '사바나 캣', 1),
	(51, '하바나 브라운', 1),
	(52, '버밀라', 1),
	(53, '컬러포인트 숏헤어', 1),
	(54, '스노우슈', 1),
	(55, '자바니즈', 1),
	(56, '픽시 밥', 1),
	(57, '킴릭', 1),
	(58, '토이거', 1),
	(59, '아펜핀셔', 2),
	(60, '아프간하운드', 2),
	(61, '에어데일 테리어', 2),
	(62, '아키타', 2),
	(63, '알래스칸 맬러뮤트', 2),
	(64, '아메리칸 코카 스파니엘', 2),
	(65, '아메리칸 에스키모독', 2),
	(66, '오스트레일리안 테리어', 2),
	(67, '바센지', 2),
	(68, '바셋하운드', 2),
	(69, '비글', 2),
	(70, '비어디드 콜리', 2),
	(71, '베드링턴 테리어', 2),
	(72, '벨지안 쉽도그 그로넨달', 2),
	(73, '벨지안 쉽도그 라케노이즈', 2),
	(74, '벨지안 쉽도그 말리노이즈', 2),
	(75, '벨지안 쉽도그 터뷰렌', 2),
	(76, '버니즈 마운틴 독', 2),
	(77, '비숑 프리제', 2),
	(78, '블랙 앤 탄 쿤하운드', 2),
	(79, '블러드 하운드', 2),
	(80, '보더 콜리', 2),
	(81, '보더 테리어', 2),
	(82, '보르조이', 2),
	(83, '보스턴테리어', 2),
	(84, '복서', 2),
	(85, '브리타니', 2),
	(86, '브뤼셀 그리펀', 2),
	(87, '불 독', 2),
	(88, '불 테리어', 2),
	(89, '불마스티프', 2),
	(90, '케언 테리어', 2),
	(91, '코카시안 오프차카', 2),
	(92, '체사피크베이 리트리버', 2),
	(93, '치와와', 2),
	(94, '차이니스 크레스티드', 2),
	(95, '차이니즈 샤페이', 2),
	(96, '차우차우', 2),
	(97, '크럼버 스파니엘', 2),
	(98, '콜리', 2),
	(99, '컬리 코티드 리트리버', 2),
	(100, '닥스훈트', 2),
	(101, '달마시안', 2),
	(102, '댄디 딘몬트 테리어', 2),
	(103, '도베르만 핀셔', 2),
	(104, '잉글리쉬 코카 스파니엘', 2),
	(105, '잉글리쉬 세터', 2),
	(106, '잉글리쉬 스프링거 스파니엘', 2),
	(107, '필드 스파니엘', 2),
	(108, '플랫-코티드 리트리버', 2),
	(109, '프렌치 불독', 2),
	(110, '져먼 셰퍼드 독', 2),
	(111, '저먼 쇼트헤어드 포인터', 2),
	(112, '자이언트 슈나우저', 2),
	(113, '골든 리트리버', 2),
	(114, '그레이트 데인', 2),
	(115, '그레이트 피레이즈', 2),
	(116, '아이리쉬 세터', 2),
	(117, '아이리쉬 테리어', 2),
	(118, '아이리쉬 워터 스파니엘', 2),
	(119, '아이리쉬 울프하운드', 2),
	(120, '이탈리안 그레이하운드', 2),
	(121, '잭 러셀 테리어', 2),
	(122, '제페니스 친', 2),
	(123, '제페니스 스피츠', 2),
	(124, '진돗개', 2),
	(125, '케리 블루 테리어', 2),
	(126, '코몬돌', 2),
	(127, '쿠바츠', 2),
	(128, '래브라도 리트리버', 2),
	(129, '레이크랜드 테리어', 2),
	(130, '라사 압소', 2),
	(131, '몰티즈', 2),
	(132, '맨체스터 테리어', 2),
	(133, '마스티프', 2),
	(134, '미니어쳐 핀셔', 2),
	(135, '미니어쳐 슈나우져', 2),
	(136, '뉴펀들랜드', 2),
	(137, '노르포크 테리어', 2),
	(138, '노르웨이언 엘크 하운드', 2),
	(139, '노르위치 테리어', 2),
	(140, '올드 잉글리쉬 쉽독', 2),
	(141, '파피용', 2),
	(142, '페키니즈', 2),
	(143, '포인터', 2),
	(144, '푸들', 2),
	(145, '풍산개', 2),
	(146, '퍼그', 2),
	(147, '풀리', 2),
	(148, '로디지안 리즈백', 2),
	(149, '롯트 와일러', 2),
	(150, '세인트 버나드', 2),
	(151, '살루키', 2),
	(152, '사모예드', 2),
	(153, '삽살개', 2),
	(154, '스코티쉬 테리어', 2),
	(155, '실리함 테리어', 2),
	(156, '셔틀랜드 쉽독', 2),
	(157, '시바 이누', 2),
	(158, '시츄', 2),
	(159, '시베리안 허스키', 2),
	(160, '실키테리어', 2),
	(161, '스카이 테리어', 2),
	(162, '소프트 코티드 휘튼 테리어', 2),
	(163, '사우스 러시안 오프차카', 2),
	(164, '스테포드셔 불 테리어', 2),
	(165, '서섹스 스파니엘', 2),
	(166, '티벳탄 마스티프', 2),
	(167, '티벳탄 스파니엘', 2),
	(168, '티벳탄 테리어', 2),
	(169, '토이 멘체스터 테리어', 2),
	(170, '비즐라', 2),
	(171, '와이마라너', 2),
	(172, '웰시코르키', 2),
	(173, '웰쉬 테리어', 2),
	(174, '웨스트 하이랜드 화이트 테리어', 2),
	(175, '휘 펫', 2),
	(176, '와이어헤이드 포인팅 그리폰', 2),
	(177, '요크셔테리어', 2),
	(186, '시고르자브종', 2);
/*!40000 ALTER TABLE `tbl_kind` ENABLE KEYS */;

-- 테이블 데이터 cutecatdog.tbl_like:~2 rows (대략적) 내보내기
/*!40000 ALTER TABLE `tbl_like` DISABLE KEYS */;
INSERT IGNORE INTO `tbl_like` (`id`, `isLiked`) VALUES
	(1, 0),
	(2, 1);
/*!40000 ALTER TABLE `tbl_like` ENABLE KEYS */;

-- 테이블 데이터 cutecatdog.tbl_like_management:~61 rows (대략적) 내보내기
/*!40000 ALTER TABLE `tbl_like_management` DISABLE KEYS */;
INSERT IGNORE INTO `tbl_like_management` (`id`, `board_id`, `user_id`, `like_id`) VALUES
	(183, 68, 21, 2),
	(185, 67, 13, 2),
	(186, 67, 21, 2),
	(191, 77, 13, 2),
	(192, 68, 13, 2),
	(193, 77, 21, 2),
	(194, 77, 30, 2),
	(195, 67, 31, 2),
	(196, 79, 31, 2),
	(197, 81, 31, 2),
	(199, 82, 31, 2),
	(200, 79, 13, 2),
	(201, 83, 31, 2),
	(202, 77, 31, 2),
	(203, 83, 21, 2),
	(204, 79, 30, 2),
	(205, 83, 30, 2),
	(206, 82, 21, 2),
	(207, 79, 21, 2),
	(208, 84, 31, 2),
	(209, 85, 21, 2),
	(211, 85, 30, 2),
	(212, 68, 30, 2),
	(213, 86, 21, 2),
	(214, 87, 21, 2),
	(215, 84, 21, 2),
	(216, 87, 31, 2),
	(217, 87, 13, 2),
	(218, 83, 13, 2),
	(219, 84, 13, 2),
	(220, 88, 21, 2),
	(221, 85, 13, 2),
	(222, 86, 13, 2),
	(224, 88, 13, 2),
	(225, 88, 30, 2),
	(226, 89, 13, 2),
	(227, 89, 18, 2),
	(228, 88, 18, 2),
	(229, 87, 18, 2),
	(230, 84, 18, 2),
	(231, 83, 18, 2),
	(232, 79, 18, 2),
	(233, 68, 18, 2),
	(234, 77, 18, 2),
	(235, 89, 20, 2),
	(236, 88, 20, 2),
	(237, 87, 20, 2),
	(238, 83, 20, 2),
	(239, 79, 20, 2),
	(240, 77, 20, 2),
	(241, 68, 20, 2),
	(242, 94, 31, 2),
	(243, 89, 31, 2),
	(244, 93, 21, 2),
	(245, 92, 21, 2),
	(247, 93, 13, 2),
	(248, 92, 13, 2),
	(249, 94, 13, 2),
	(250, 82, 13, 2),
	(251, 90, 13, 2),
	(252, 91, 13, 2),
	(253, 91, 21, 2),
	(254, 90, 21, 2),
	(255, 94, 21, 2),
	(256, 89, 21, 2);
/*!40000 ALTER TABLE `tbl_like_management` ENABLE KEYS */;

-- 테이블 데이터 cutecatdog.tbl_notification:~32 rows (대략적) 내보내기
/*!40000 ALTER TABLE `tbl_notification` DISABLE KEYS */;
INSERT IGNORE INTO `tbl_notification` (`id`, `user_id`, `type`, `datetime`, `title`, `content`) VALUES
	(24, 21, 3, '1648103199537', 'ㅋㅋㄷ 댓글 알림', '당당하게 걷개'),
	(25, 21, 3, '1648103199537', 'ㅋㅋㄷ 대댓글 알림', '당당하게 걷개'),
	(31, 21, 3, '1649078157', 'ㅋㅋㄷ 댓글 알림', '"강아지 슬개골 탈구" 게시글에 댓글이 달렸습니다.'),
	(48, 13, 3, '1649126647', 'ㅋㅋㄷ 댓글 알림', '"" 게시글에 댓글이 달렸습니다.'),
	(49, 13, 3, '1649126687', 'ㅋㅋㄷ 대댓글 알림', '"" 게시글에 대댓글이 달렸습니다.'),
	(50, 13, 3, '1649126721', 'ㅋㅋㄷ 대댓글 알림', '"" 게시글에 대댓글이 달렸습니다.'),
	(51, 5, 3, '1649116800000', 'Happy Walking DAY', 'Happ Waling Day :)'),
	(52, 21, 3, '1649170800000', '치즈 손톱자르는 날', ''),
	(53, 13, 3, '1649170800000', '형배 산책', '형배야 산책가자'),
	(54, 30, 3, '1649132800000', 'ㅋㅋㄷ 댓글 알림', '"" 게시글에 댓글이 달렸습니다.'),
	(55, 30, 3, '1649138092887', 'ㅋㅋㄷ 댓글 알림', '수호님의 공유해 게시판의 게시글에 댓글이 달렸습니다'),
	(56, 13, 3, '1649138400000', '형배 산책', '형배랑 산책 ~'),
	(58, 21, 3, '1649138400000', '기타치는 고양이', '이예이;!!!'),
	(59, 31, 3, '1649138534494', 'ㅋㅋㄷ 댓글 알림', '김형우님의 공유해 게시글에 댓글이 달렸습니다'),
	(60, 31, 3, '1649138729934', 'ㅋㅋㄷ 댓글 알림', '김형우님의 궁금해 "안녕하세요 초..." 게시글에 댓글이 달렸습니다'),
	(61, 31, 3, '1649138754780', 'ㅋㅋㄷ 댓글 알림', '김형우님의 공유해 게시글에 댓글이 달렸습니다'),
	(62, 21, 3, '1649138881820', 'ㅋㅋㄷ 댓글 알림', '멍뭉전도사님의 울동네 "상리공원 산책..." 게시글에 댓글이 달렸습니다'),
	(63, 21, 3, '1649138920786', 'ㅋㅋㄷ 대댓글 알림', '멍뭉전도사님의 댓글에 대댓글이 달렸습니다'),
	(64, 21, 3, '1649138961188', 'ㅋㅋㄷ 댓글 알림', '멍뭉전도사님의 공유해 댓글이 달렸습니다'),
	(65, 30, 3, '1649138969668', 'ㅋㅋㄷ 댓글 알림', '수호님의 울동네 "마이구미" 게시글에 댓글이 달렸습니다'),
	(66, 21, 3, '1649139098495', 'ㅋㅋㄷ 댓글 알림', '멍뭉전도사님의 울동네 "상리공원 산책..." 게시글에 댓글이 달렸습니다'),
	(67, 31, 3, '1649139790967', 'ㅋㅋㄷ 대댓글 알림', '김형우님의 댓글에 대댓글이 달렸습니다'),
	(68, 30, 3, '1649139822581', 'ㅋㅋㄷ 댓글 알림', '수호님의 공유해 게시글에 댓글이 달렸습니다'),
	(69, 30, 3, '1649139960963', 'ㅋㅋㄷ 댓글 알림', '수호님의 공유해 게시글에 댓글이 달렸습니다'),
	(70, 13, 3, '1649139998914', 'ㅋㅋㄷ 댓글 알림', 'ㅋㅋㄷ님의 공유해 게시글에 댓글이 달렸습니다'),
	(71, 30, 3, '1649140479224', 'ㅋㅋㄷ 댓글 알림', '수호님의 울동네 "마이구미" 게시글에 댓글이 달렸습니다'),
	(72, 21, 3, '1649140516321', 'ㅋㅋㄷ 댓글 알림', '멍뭉전도사님의 울동네 "상리공원 산책..." 게시글에 댓글이 달렸습니다'),
	(73, 13, 3, '1649142668521', 'ㅋㅋㄷ 댓글 알림', 'ㅋㅋㄷ님의 공유해 게시글에 댓글이 달렸습니다'),
	(74, 30, 3, '1649142702181', 'ㅋㅋㄷ 댓글 알림', '수호님의 공유해 게시글에 댓글이 달렸습니다'),
	(75, 31, 3, '1649142727869', 'ㅋㅋㄷ 댓글 알림', '김형우님의 공유해 게시글에 댓글이 달렸습니다'),
	(76, 21, 3, '1649142792649', 'ㅋㅋㄷ 댓글 알림', '멍뭉전도사님의 공유해 게시글에 댓글이 달렸습니다'),
	(77, 21, 3, '1649145600000', '산책로', '산책'),
	(78, 13, 3, '1649211722533', 'ㅋㅋㄷ 댓글 알림', 'ㅋㅋㄷ님의 울동네 게시판의 "저희 동네 동..." 게시글에 댓글이 달렸습니다'),
	(79, 13, 3, '1649211749921', 'ㅋㅋㄷ 대댓글 알림', 'ㅋㅋㄷ 님의 댓글에 대댓글이 달렸습니다'),
	(80, 13, 3, '1649212321667', 'ㅋㅋㄷ 댓글 알림', 'ㅋㅋㄷ님의 공유해 게시판의 게시글에 댓글이 달렸습니다'),
	(81, 30, 3, '1649212351020', 'ㅋㅋㄷ 댓글 알림', '수호님의 공유해 게시판의 게시글에 댓글이 달렸습니다'),
	(82, 21, 3, '1649214000000', '단체 산책 하는 날', '꼭 배변봉투 챙기기');
/*!40000 ALTER TABLE `tbl_notification` ENABLE KEYS */;

-- 테이블 데이터 cutecatdog.tbl_pet:~12 rows (대략적) 내보내기
/*!40000 ALTER TABLE `tbl_pet` DISABLE KEYS */;
INSERT IGNORE INTO `tbl_pet` (`id`, `user_id`, `kind_id`, `name`, `birth`, `photo_path`, `gender`, `is_neutered`) VALUES
	(47, 5, 1, 'Happy22', '1647302400', '5/1647511704445.jpg', 1, 1),
	(132, 21, 113, '리오', '1648134000', '21/1648191310427.jpg', 0, 0),
	(133, 21, 159, '알렉', '1648134000', '21/1648191339093.jpg', 1, 1),
	(161, 21, 9, '미호', '1648998000', '21/1649057944879.jpeg', 1, 1),
	(162, 21, 31, '치즈', '1336057200', '21/1649057978501.jpeg', 1, 1),
	(163, 13, 186, '최형배', '1461769200', '13/1649083216594.png', 0, 0),
	(165, 30, 9, '또리', '1649084400', '30/1649144405567.jpeg', 1, 1),
	(166, 13, 15, '루이', '1583334000', '13/1649127140678.jpeg', 0, 0),
	(167, 31, 9, '베라', '1649084400', '31/1649137988572.jpeg', 0, 1),
	(168, 13, 11, '크림이', '1615906800', '13/1649143828888.jpeg', 1, 1),
	(169, 32, 11, '꿍', '1604070000', '32/FO8EgjKUcAUBgPM.jpg', 1, 1),
	(171, 26, 1, '아뇽', '1604016000', '26/1649175245752.jpeg', 0, 0),
	(172, 19, 11, '크림', '1638975600', '19/1649214069565.jpeg', 1, 0);
/*!40000 ALTER TABLE `tbl_pet` ENABLE KEYS */;

-- 테이블 데이터 cutecatdog.tbl_schedule:~19 rows (대략적) 내보내기
/*!40000 ALTER TABLE `tbl_schedule` DISABLE KEYS */;
INSERT IGNORE INTO `tbl_schedule` (`id`, `user_id`, `pet_id`, `type`, `datetime`, `title`, `memo`, `place`, `is_noti`) VALUES
	(31, 5, 47, 2, '1649116800', 'Happy Walking DAY', 'Happ Waling Day :)', 'deagu si,', 1),
	(42, 21, 133, 1, '1649257200', '예방 접종', '1. 슬개골 탈구 경과 확인\n2. 예방 접종 주사 맞기\n3. 종합 접종', '한아름동물병원', 0),
	(44, 21, 132, 2, '1649689200', '산책', '산책가는 날', '미정', 0),
	(46, 21, 161, 3, '1650726000', '귀 청소 하는 날	', '준비물 챙기기', '집', 0),
	(47, 21, 132, 2, '1650726000', '산책하는 날', '산책 장소 미정', '미정', 0),
	(48, 21, 133, 2, '1651071600', '산책', '회원들과 단체 산책', '운암지수변공원', 0),
	(49, 21, 162, 1, '1649862000', '예방접종', '1. 슬개골 탈구 위험 검진받기\n2. 예방 접종 맡기\n3. 중성화 수술하기', '한아름동물병원', 0),
	(50, 21, 132, 2, '1648998000', '산책', '산책', '주변 공원', 0),
	(51, 21, 162, 3, '1649170800', '치즈 손톱자르는 날', '', '집', 1),
	(52, 13, 163, 1, '1648998000', '형배 건강검진', '형배 정기 건강검진', '원주동물병원', 0),
	(54, 21, 162, 3, '1650726000', '손톱 자르는 날', '손톱 도구 챙기기', '집', 0),
	(55, 13, 163, 2, '1649084400', '형배 산책', '형배랑 산책 ~', '앞산 공원', 1),
	(56, 13, 163, 2, '1649170800', '형배 산책', '형배야 산책가자', '화원유원지', 1),
	(57, 13, 166, 1, '1649257200', '루이 접종 3차', '루이 예방 접종 3차', '대명동물병원', 0),
	(61, 21, 162, 3, '1649084400', '기타치는 고양이', '이예이;!!!', '집', 1),
	(62, 21, 133, 2, '1649084400', '산책로', '산책', '집근처', 1),
	(67, 26, 171, 2, '1648771200', 'testddd', '111test', 'testddd', 0),
	(68, 26, 171, 2, '1649289600', 'qwerty', 'sasdd', 'qwerty', 0),
	(72, 21, 132, 2, '1649170800', '단체 산책 하는 날', '꼭 배변봉투 챙기기', '상리공원', 1),
	(74, 19, 172, 2, '1649170800', 'ㅅㄷㄴㅅ', 'ㅅㄷㄴㅅ', 'ㅅㄷㄴㅅ', 1);
/*!40000 ALTER TABLE `tbl_schedule` ENABLE KEYS */;

-- 테이블 데이터 cutecatdog.tbl_type:~2 rows (대략적) 내보내기
/*!40000 ALTER TABLE `tbl_type` DISABLE KEYS */;
INSERT IGNORE INTO `tbl_type` (`id`, `type`) VALUES
	(1, 'cat'),
	(2, 'dog');
/*!40000 ALTER TABLE `tbl_type` ENABLE KEYS */;

-- 테이블 데이터 cutecatdog.tbl_user:~11 rows (대략적) 내보내기
/*!40000 ALTER TABLE `tbl_user` DISABLE KEYS */;
INSERT IGNORE INTO `tbl_user` (`id`, `email`, `password`, `nickname`, `refresh_token`, `SNS_token`, `is_withdrawal`, `device_token`, `profile_image`, `social_type`) VALUES
	(5, 'qhdus101@gmail.com', 'K4gUQxGDLVnvE4YAyQvhKoIcfPAancVqkliTMlwK+Z8=', 'test', NULL, NULL, 0, 'eGu9zvEaRvOLoQ5IT7iYBD:APA91bHmhs_GkxWege-GMAZkPMNiSqTF-8uuPaVkovXmKu5J_E21WLgPdBM42d78gDCZ5sPSybATZXTl3YZbGZfi4WvJUQyQ13QgO6RO8rPzy0QLT--b0yZiCEGGijEsi8ZgWZuX8TvL', '', 'none'),
	(13, 'ji_woo__@naver.com', 't6oZ0zrdk3uISgG0Vnp+IDjUbxeew9MXpmwsX5J80Gw=', 'ㅋㅋㄷ', NULL, NULL, 0, 'eYpgvp7tT2aL9rEzx-uvyX:APA91bGUth6JkJKVRBgZjnFeqx4RHTqkdcr9i13NDCW7TyAfOkc2fOEMo6eOPCTINoyYdUfVVj98SEIKLY-aBaiXy5A1dQ9KoiuMuUI1DD86GU52Oe8FaIKG4agY9O2smLnempMmuKsN', '13/1649073677347.jpeg', 'none'),
	(18, 'wldn7568@gmail.com', 'RDpHmcjfzPPs0vWJhsBwmXj/fdaZHC6RpFTr2RDuLjI=', '최지우', NULL, NULL, 0, '', 'https://lh3.googleusercontent.com/a/AATXAJxjCh9pogwwsejnZw1kcy5B57pGfwuYwOcRf98_jVE=s96-c', 'google'),
	(19, 'ji_wooooo_98@naver.com', 'z5R7qGu9t7eF8av47Mjt8c2yH0Jau4FneTz2arAwlR8=', '최지우', NULL, NULL, 0, 'eYpgvp7tT2aL9rEzx-uvyX:APA91bGUth6JkJKVRBgZjnFeqx4RHTqkdcr9i13NDCW7TyAfOkc2fOEMo6eOPCTINoyYdUfVVj98SEIKLY-aBaiXy5A1dQ9KoiuMuUI1DD86GU52Oe8FaIKG4agY9O2smLnempMmuKsN', 'https://k.kakaocdn.net/dn/jT2LN/btrrF5VO5v8/AwJlbx5NHkSNujGCr35mM0/img_110x110.jpg', 'kakao'),
	(20, 'open_rfsnxzs_user@tfbnw.net', 'C3BwnBr3uiBrgXWGcEjdBcHH3482HEOW2ah3OCN0joc=', '촉촉한초코칩', NULL, NULL, 0, NULL, 'https://graph.facebook.com/110406658272834/picture', 'facebook'),
	(21, 'ilutoo@naver.com', 'Z+NDzt2XBf4n0kgGMqr6TIwi/wnFRrwPpYzx6okUavQ=', '멍뭉전도사', NULL, NULL, 0, 'cripUXpWSAOv5naNV8DWi3:APA91bET8K6lVN1u-z5F-Ot5G9X9fwKjOCnRxHzyPAasSypdqc1eTksRfCgldf7RxA3HF3I5lvcr4xB01MPdkA-8FOohvTG97OylTPjzFVZFl-TdQz00AqPWoyycpPc65rLwfFtejILk', '21/1649124305354.jpeg', 'none'),
	(23, 'ilutoo@kakao.com', 'WDqHcQ+UkdBFDERf7iHEg00rFGNGy+J27Ca289XuaHs=', '최주은', NULL, NULL, 0, NULL, 'https://k.kakaocdn.net/dn/dpk9l1/btqmGhA2lKL/Oz0wDuJn1YV2DIn92f6DVK/img_110x110.jpg', 'kakao'),
	(26, 'jw_choi@kmu.kr', '5wJud60eJMKN2pm/0kYKtV6UhZBCQQmDxCG73Hx8rec=', '최지우', NULL, NULL, 0, 'fD8VoYEjSQmQcu-9Rs6Cas:APA91bH-gu8tYI6DWLUO9uYSee8kzdUZTPw4kixoVcW3QXwuCDDm0a1JNno_r6n5oP9fcKuhAgbHOhRu2AXdkZ2HVLnVArJBGt5_HlTx5PuIEYPZq5tzJUN_-kzYNShtJH4yc9dLRARx', 'https://lh3.googleusercontent.com/a/AATXAJyy28uoqzlqIZoYUwHXFkyf-1btI1QkYRTYiNzy=s96-c', 'google'),
	(30, 'is_null@kakao.com', '/r2T8EvaGuwNN0+P0BTQYlJZNP6x8bge58ZNYfZrhLE=', '수호', NULL, NULL, 0, 'cU2cxSxYRUWTgJPWAd1lf-:APA91bEH5qBw9APlnk3LQz4fCDMb8tNWJqmriwiDGKJ7c-17uT5wNLXq2PCo6GKr8izUYPC0czECL397xsVWrVinbn1q0-hQG-UjQ9hGDOFRVgAgs-hjh7ITfcONoilnBFxFxXHE_47l', '30/1649126505917.jpeg', 'none'),
	(31, 'ksd5653@naver.com', 'RaScvf4OW2dlefQJyW9YdZtEz8kH541sLD/jipxnsM8=', '김형우', NULL, NULL, 0, 'cR0UyfuQQyGIx61f76qzJ8:APA91bEtJvq3jMLR7o2Z3i_J1p1l9WSmJnNLqdxhhsBRoX_sOjMfi0qILnUuVwr5dmNaL1Y2MObuaJjckhuXdOE97tFrqoMK7fFfbUyZhOb5Ij2uV63C-ewsUv5OVldGx0B50fBDF91B', '31/1649137949102.jpeg', 'none'),
	(32, 'ek03147@naver.com', 'A+TlNFLiMP65itHMU1Dn+iyKEEkhUcag3Gm6skgTi3Y=', 'kdy', NULL, NULL, 0, 'eDAk1nN7TUWi1LCUX7GQPm:APA91bEpvO3lpWV1HhY6DuaTGNxr_VvnTS0kZzXBoIBwYVT9J6gt6AXpxPENHJAF1Kq9c1i2bUrRxRFeGjBsnc9czUxoSFOKgw8io7G-mwwfyAnvRa8rVArCv1jekL_uoW1p5Ltl2u5_', '32/FNjLvOiaMAEz5Ky.jpg', 'none');
/*!40000 ALTER TABLE `tbl_user` ENABLE KEYS */;

-- 테이블 데이터 cutecatdog.tbl_walk:~241 rows (대략적) 내보내기
/*!40000 ALTER TABLE `tbl_walk` DISABLE KEYS */;
INSERT IGNORE INTO `tbl_walk` (`id`, `lat`, `lng`, `place`) VALUES
	(1, 35.94244039859738, 128.56895144184344, '함지 근린공원'),
	(2, 35.93453097599771, 128.5593353965792, '동천 근린공원'),
	(8, 37.572863, 126.839905, '양천향교'),
	(9, 37.58312625, 126.8050072, '약사사'),
	(10, 37.57425363, 126.8413319, '양천고성지'),
	(11, 37.57266746, 126.8383649, '궁산땅굴역사전시관'),
	(12, 37.56983571, 126.8500301, '허가바위'),
	(13, 35.84569559, 128.5925713, '낙동강승전기념관'),
	(14, 35.82991348, 128.6033889, '고산골 공룡공원'),
	(15, 35.82236205, 128.579283, '앞산전망대'),
	(16, 35.82236205, 128.579283, '앞산케이블카'),
	(17, 35.84569559, 128.5925713, '앞산공원'),
	(18, 35.84569559, 128.5925713, '앞산카페거리'),
	(20, 35.83129637, 128.5769684, '대덕문화전당'),
	(21, 35.82172975, 128.5739441, '안일사'),
	(22, 35.82352918, 128.5894733, '은적사'),
	(23, 35.82339764, 128.599643, '법장사'),
	(24, 35.85479646, 128.5967135, '대봉배수지'),
	(25, 35.8999254, 128.559545, '금호강하중도'),
	(26, 35.8892973, 128.601013, '꽃보라동산'),
	(27, 35.9324856, 128.567701, '운암지수변공원'),
	(28, 35.8962621, 128.549892, '팔달대교 야경'),
	(29, 35.8889219, 128.610281, '경북대학교 캠퍼스'),
	(30, 35.9423674, 128.569051, '함지공원'),
	(31, 35.8987715, 128.599207, '구암서원'),
	(32, 35.8972629, 128.587136, '침산정'),
	(33, 35.9665149, 128.563495, '서리지수변생태공원'),
	(34, 35.9035236, 128.596323, '대구에스파스'),
	(35, 35.8773709, 128.591802, '별별상상이야기관'),
	(36, 35.9347884, 128.540127, '신전뮤지엄'),
	(37, 35.9184846, 128.61167, '금호강 오토캠핑장'),
	(38, 35.9418425, 128.57246, '구암동 숲 체험공원'),
	(40, 35.8987072, 128.598996, '구암서원 체험교육'),
	(41, 35.9492453, 128.550989, '칠곡향교'),
	(42, 35.9314257, 128.567358, '구암동고분군·팔거산성'),
	(43, 35.883773, 128.594794, '무형문화재(대고장)체험'),
	(44, 35.8978362, 128.611383, '대구교육박물관'),
	(45, 35.9685513, 128.591395, '흙 굽는 마을'),
	(46, 35.8993484, 128.604211, '연암공원 유아숲체험원'),
	(47, 35.8812818, 128.608951, '동대구시장'),
	(48, 35.876903, 128.604457, '칠성종합시장'),
	(49, 35.88921767, 128.5702355, '팔달시장'),
	(50, 35.9030473, 128.54358, '농수산물도매시장'),
	(51, 35.9424266, 128.551058, '칠곡시장'),
	(52, 35.8764423, 128.605576, '별별상상칠성야시장'),
	(53, 35.9209962, 128.59619, '서변중앙시장'),
	(54, 35.8983706, 128.610558, '산격종합시장·청년몰'),
	(55, 35.9345531, 128.54657, '어울아트센터'),
	(56, 35.9058087, 128.616017, '북구청소년회관'),
	(57, 35.8834012, 128.592187, '대구오페라하우스'),
	(58, 35.8885987, 128.613864, '경북대학교 박물관'),
	(59, 35.92684451, 128.5440277, '인당뮤지엄'),
	(60, 35.9393408, 128.552296, '구수산도서관'),
	(61, 35.8828099, 128.60734, '대현도서관'),
	(62, 35.8997404, 128.563256, '금호강변자전거길'),
	(63, 35.9029857, 128.609872, '이인성사과나무길'),
	(64, 35.9004134, 128.582867, '안경특화거리'),
	(65, 35.8900358, 128.601088, '꽃보라동산벚꽃길'),
	(66, 35.9439733, 128.562226, '이태원길'),
	(67, 35.8836097, 128.595923, '삼성창조캠퍼스'),
	(68, 35.8988449, 128.601327, '연암서당골'),
	(69, 35.8949067, 128.570487, '한국로봇산업진흥원'),
	(70, 35.89213062, 128.5648604, '풍국면'),
	(71, 35.88351605, 128.5873914, '고성성당'),
	(72, 35.8831342, 128.5884986, '빌리웍스'),
	(73, 35.88344599, 128.5882599, '투가든'),
	(74, 35.9078989, 128.612724, '리틀소시움'),
	(75, 35.9440842, 128.577145, '옻골동산'),
	(76, 35.8991307, 128.512999, '한강공원'),
	(77, 35.8956792, 128.586086, '침산공원'),
	(78, 35.9291244, 128.54538, '태전도서관'),
	(79, 35.9252175, 128.5930318, '서계서원'),
	(80, 35.94719952, 128.6148703, '광해군태실'),
	(81, 35.9075773, 128.61327, 'EXCO'),
	(82, 35.8907601, 128.566783, '노원동작은도서관'),
	(83, 35.9021098, 128.625846, '공항교강변공원'),
	(84, 35.8812241, 128.588228, 'DGB대구은행파크'),
	(85, 35.90810305, 128.5854383, '서변대교'),
	(86, 35.87430516, 128.665242, '금호강생태공원'),
	(87, 35.90895037, 128.6000965, '산격대교'),
	(88, 35.90016882, 128.6274658, '공항교'),
	(89, 35.929308, 128.5705493, '미륵불좌상'),
	(90, 35.92134121, 128.5935954, '능성세가'),
	(91, 35.89470443, 128.5975007, '서명보효자각'),
	(92, 35.91715025, 128.6062336, '새심정(터)과 나루터'),
	(93, 35.92130344, 128.5933054, '송계당'),
	(94, 35.92785645, 128.5978812, '선사유적전시관'),
	(95, 35.87414904, 128.5823471, '삼성상회터'),
	(96, 35.94448545, 128.6158466, '연경동 천년느티나무'),
	(97, 35.94733822, 128.628318, '연경서원(터)'),
	(99, 35.87547916, 128.5845143, '대구예술발전소'),
	(100, 35.87520966, 128.5831813, '수창청춘맨숀'),
	(101, 35.87345354, 128.582449, '공구골목'),
	(102, 35.87236682, 128.5841576, '호암고택'),
	(103, 35.87305363, 128.5831759, '오토바이골목'),
	(104, 37.4802402, 127.0142152, '예술의전당'),
	(105, 37.47771881, 127.0098185, '국립국악원'),
	(106, 37.46537744, 127.0837156, '헌인릉'),
	(107, 37.4730498, 127.0369771, '매헌 윤봉길의사 기념관'),
	(108, 37.50622031, 127.0050517, '고투몰'),
	(109, 37.5124362, 126.9959623, '세빛섬, 반포대교 달빛무지개분수'),
	(110, 37.4966085, 127.0269023, '삼성딜라이트'),
	(111, 37.57335201, 127.0891138, '용마폭포공원'),
	(112, 37.59835362, 127.1148164, '망우리공원'),
	(113, 37.606893, 127.1106972, '중랑캠핑숲'),
	(114, 37.61265372, 127.0885194, '옹기테마공원'),
	(115, 37.5936268, 126.9916662, '심우장'),
	(116, 37.59895542, 126.9943663, '길상사'),
	(117, 37.60001178, 126.9932084, '한국가구박물관'),
	(118, 37.4734032, 126.973367, '미당서정주의 집'),
	(119, 37.47197208, 126.959371, '강감찬전시관'),
	(120, 37.64033246, 126.9380102, '은평역사한옥박물관'),
	(121, 37.63513547, 126.92538, '금성당'),
	(122, 35.28304264, 129.0676208, '금정산'),
	(123, 35.28304308, 129.0676212, '범어사'),
	(124, 35.24707332, 129.115753, '회동수원지'),
	(125, 35.21586987, 129.102466, '서동미로시장'),
	(126, 35.28912108, 129.1070434, '스포원파크'),
	(127, 35.25998626, 129.0922564, '한국이슬람부산성원'),
	(128, 35.27236562, 129.085732, '요산문학관'),
	(130, 35.229587, 129.0888177, '부산대젊음의거리'),
	(131, 35.250339, 129.0561338, '금정산성마을'),
	(132, 35.04638172, 128.9680068, '몰운대'),
	(133, 35.04638172, 128.9680068, '다대포 꿈의 낙조분수'),
	(134, 35.04638172, 128.9680068, '다대포해수욕장'),
	(135, 35.05276243, 128.9607468, '낙동강하구아미산전망대'),
	(136, 35.11008837, 128.9449571, '을숙도 생태공원'),
	(137, 35.10449092, 128.9459791, '을숙도 철새공원'),
	(138, 35.09748815, 129.0106077, '감천문화마을'),
	(139, 35.07915955, 128.9513486, '장림포구'),
	(140, 35.213515, 129.0720181, '우장춘기념관'),
	(141, 35.20916308, 129.0896688, '장영실과학동산'),
	(142, 35.20169645, 129.090397, '박차정의사생가'),
	(143, 35.21962513, 129.075758, '금강공원'),
	(144, 35.221157, 129.0826889, '허심청'),
	(145, 35.20877662, 129.0911741, '복천박물관'),
	(146, 35.199577, 129.0959922, '충렬사'),
	(147, 35.2219498, 129.075647, '해양자연사박물관'),
	(148, 35.16578256, 129.1350266, '요트올림픽동산지구'),
	(149, 35.15234205, 129.1513619, '동백섬'),
	(150, 35.15910698, 129.1602838, '해운대해수욕장'),
	(151, 35.15768146, 129.1825429, '달맞이동산지구'),
	(152, 34.7443435, 127.764121, '오동도'),
	(153, 34.7413383, 127.7365704, '진남관'),
	(154, 34.59379448, 127.8029861, '향일암'),
	(155, 34.7402223, 127.7529197, '여수해상케이블카'),
	(156, 34.75218956, 127.7465005, '여수세계박람회장'),
	(157, 34.73676698, 127.7484079, '여수해양공원'),
	(158, 34.69510702, 127.7769452, '예술랜드리조트'),
	(159, 34.888766, 127.705501, '여수이순신대교'),
	(160, 34.97010442, 127.5924243, '유당공원'),
	(161, 34.9735109, 127.5756854, '서천무지개분수대'),
	(162, 34.97705608, 127.5805515, '장도전수관'),
	(163, 34.96887104, 127.5903033, '도립미술관'),
	(164, 34.96130264, 127.6085909, '광양와인동굴'),
	(165, 34.9757671, 127.5859802, '광양역사문화관'),
	(166, 35.04162939, 127.270748, '사라실 라벤더 단지'),
	(167, 34.962211, 127.626222, '사라실 예술촌'),
	(168, 34.966742, 127.619496, '광양 마로산성'),
	(169, 34.98778794, 127.5865036, '광양 궁시장'),
	(170, 34.99341564, 127.561707, '매천황현생가'),
	(171, 35.07478024, 127.5540516, '해달별천문대'),
	(172, 35.05645795, 127.5976491, '백운산자연휴양림'),
	(173, 35.04701721, 127.6085305, '광양 옥룡사지'),
	(174, 35.00642478, 127.6525399, '국사봉랜드'),
	(175, 35.04305027, 127.6604508, '기독교선교100주년기념관'),
	(176, 34.96787088, 127.7579265, '섬진강 망덕포구'),
	(177, 34.97075423, 127.759122, '윤동주 유고 보존 정병욱 가옥'),
	(178, 35.07665864, 127.7180474, '광양매화문화관'),
	(179, 35.06003247, 127.7114041, '느랭이골자연리조트'),
	(180, 34.93646837, 127.6427008, '구봉산전망대'),
	(181, 34.92127751, 127.6939636, '광양항해양공원'),
	(182, 34.93679857, 127.715141, '무지개다리'),
	(183, 34.93442662, 127.7061606, '해오름육교'),
	(184, 34.959931, 127.7601849, '배알도수변공원'),
	(185, 34.94697848, 127.7519933, '광양 김 시식지'),
	(186, 34.78769578, 126.3817942, '목포근대역사관 1관 (구, 일본영사관)'),
	(187, 34.78596374, 126.3814912, '목포근대역사관 2관 (구,동양척식주식회사)'),
	(188, 34.78698576, 126.3798645, '성옥기념관'),
	(189, 34.78970032, 126.3842863, '구 동본원사 목포별원'),
	(190, 34.79142993, 126.3759183, '유달산'),
	(191, 34.78174519, 126.3773176, '서산동 시화골목'),
	(192, 34.78174519, 126.3773176, '연희네슈퍼(영화 1987 촬영지)'),
	(193, 34.79666213, 126.4337909, '춤추는 바다분수'),
	(194, 34.79940179, 126.3700239, '목포해상케이블카'),
	(195, 34.78101571, 126.387931, '삼학도크루즈'),
	(196, 34.78285177, 126.3922506, '김대중노벨평화상기념관'),
	(197, 34.79391067, 126.422503, '목포자연사박물관'),
	(198, 34.79219007, 126.4257404, '갓바위'),
	(199, 34.92888588, 127.4999591, '순천만국가정원'),
	(200, 34.88553578, 127.5096727, '순천만습지'),
	(201, 34.90632579, 127.3417663, '낙안읍성'),
	(202, 34.9583743, 127.5381867, '드라마촬영장'),
	(203, 34.9036464, 127.3399827, '뿌리깊은나무박물관'),
	(204, 35.00680596, 127.2761941, '송광사'),
	(205, 34.99656229, 127.3311259, '선암사'),
	(206, 34.9227, 127.5169021, '에코촌유스호스텔'),
	(207, 35.04388083, 127.4744949, '순천자연휴양림'),
	(208, 34.96043473, 127.4801207, '기독교역사박물관'),
	(209, 34.90174, 127.44778, '승주골프장'),
	(210, 35.04162939, 127.270748, '파인힐스골프장'),
	(211, 35.04705487, 127.3030952, '레이크힐스골프장'),
	(212, 34.86653556, 127.4059214, '순천컨트리클럽'),
	(213, 34.94005246, 127.5555065, '부영컨트리클럽'),
	(214, 34.9579091, 127.4860252, '그림책도서관'),
	(215, 35.0449418, 127.4742467, '순천시청소년수련원'),
	(216, 35.0921171, 127.2022244, '순천용오름마을'),
	(217, 35.06212349, 127.4045173, '순천향매실마을'),
	(218, 35.06648711, 127.3602718, '순천생태마을'),
	(219, 34.8375993, 127.4474457, '거차뻘배체험마을'),
	(220, 34.91351224, 127.3534026, '낙안민속자연휴양림'),
	(243, 34.9085344, 126.8212738, '불회사'),
	(244, 35.0328694, 126.7144929, '금성관'),
	(245, 34.9982734, 126.8203117, '도래마을(홍기옥 가옥)'),
	(246, 35.0321775, 126.7160575, '정수루'),
	(247, 35.0335556, 126.7093249, '나주향교'),
	(248, 35.0154791, 126.7118546, '완사천'),
	(249, 35.0320205, 126.7143379, '목사내아'),
	(250, 34.9972536, 126.6649382, '영모정'),
	(251, 35.0295791, 126.7183107, '남고문'),
	(252, 35.0280742, 126.7240915, '구)나주역'),
	(253, 35.1035406, 126.6729169, '노안천주교회'),
	(254, 34.9941709, 126.660678, '나주시천연염색박물관'),
	(255, 35.0322924, 126.7135485, '나주목문화관'),
	(256, 34.9482971, 126.8692314, '중흥골드스파&리조트'),
	(257, 34.9789507, 126.5995011, '나주영상테마파크'),
	(258, 35.0306171, 126.71622, '남파고택'),
	(259, 34.914685, 126.6591998, '반남고분군'),
	(260, 34.996891, 126.6647524, '백호문학관'),
	(261, 34.9144962, 126.6574509, '국립나주박물관'),
	(262, 35.0006914, 126.7093485, '영산포 역사갤러리'),
	(263, 34.9961663, 126.6538838, '나주복암리고분전시관'),
	(264, 35.0009356, 126.7112913, '일본인근대가옥'),
	(265, 35.0152195, 126.7811718, '빛가람호수공원전망대'),
	(266, 35.403522, 126.996118, '담양호국민관광지'),
	(267, 35.325384, 126.9866176, '죽녹원'),
	(268, 35.323386, 127.001852, '메타세쿼이아랜드'),
	(269, 35.18433957, 127.0121779, '소쇄원'),
	(270, 35.30934385, 126.9764073, '한국대나무박물관'),
	(271, 35.18796351, 127.0054854, '한국가사문학관'),
	(272, 35.23525084, 127.0178938, '슬로시티삼지내마을');
/*!40000 ALTER TABLE `tbl_walk` ENABLE KEYS */;

/*!40101 SET SQL_MODE=IFNULL(@OLD_SQL_MODE, '') */;
/*!40014 SET FOREIGN_KEY_CHECKS=IFNULL(@OLD_FOREIGN_KEY_CHECKS, 1) */;
/*!40101 SET CHARACTER_SET_CLIENT=@OLD_CHARACTER_SET_CLIENT */;
/*!40111 SET SQL_NOTES=IFNULL(@OLD_SQL_NOTES, 1) */;
